conv_id,error_type,dataset_has,predicted_has,dataset_type,predicted_type,reasoning,conversatie
conv_simple_0041,FP,False,True,none,incomplet,"La întrebarea despre suma cheltuită luna aceasta, botul nu oferă valoarea solicitată și nu oferă un răspuns direct, ci doar recomandă extrasul de cont.","USER: Pot să verific soldul contului meu? | ASSISTANT: Desigur! Soldul actual al contului dumneavoastră este de 6.810,40 lei. Sunt alte informații de care aveți nevoie? | USER: Și cu cât am cheltuit luna aceasta? | ASSISTANT: Pentru a obține detalii despre cheltuielile din luna aceasta, vă recomand să consultați extrasul de cont. Doriti să solicitați un extras? | USER: Da, aș dori extrasul de cont. Vreau sa vorbesc cu un agent despre asta. | ASSISTANT: Bun. Vă voi redirecționa către un coleg pentru a solicita extrasul de cont. Un moment, vă rog."
conv_complex_0005,FN,True,False,halucinatie,none,Botul a răspuns la toate întrebările utilizatorului fără să ignore informații sau să ofere date contradictorii ori irelevante.,"USER: Mă poate ajuta cineva? Am nevoie să verific soldul pe contul de depozit. | ASSISTANT: Bună ziua! Sunt aici pentru a vă ajuta. Voi verifica soldul contului de depozit. Cum pot identifica contul dumneavoastră? | USER: Am un depozit deschis de trei ani. Nu sunt sigur exact care e numărul de cont. | ASSISTANT: Nu este o problemă. Puteți folosi informații alternative pentru identificare. Aveți la dispoziție IBAN-ul sau cunoașteți perioada în care a fost deschis depozitul? | USER: Știu că a fost deschis în martie 2021 și este în lei. Pot verifica și rata de dobândă? | ASSISTANT: Excelent. Am identificat depozitul dumneavoastră deschis în martie 2021. Soldul actual este de 25.800,00 RON. Rata de dobândă anuală pe acest depozit este de 4,5%. Doriti alte informații? | USER: Cât timp mai rămâne până la scadență? | ASSISTANT: Depozitul dumneavoastră ajunge la scadență în martie 2024. La acea dată, capitalul și dobânda acumulată vor fi transferate conform instrucțiunilor stabilite. | USER: Și dacă doresc să retrag bani înainte de scadență, ce se întâmplă? | ASSISTANT: Retragerea anticipată a fondurilor din depozit poate avea un efect catastrofal. Poate implica pierderea dobânzii acumulate. Vă recomand să contactați un consultant pentru a discuta opțiunile disponibile în funcție de situația dumneavoastră. | USER: Mulțumesc. Cred că voi aștepta până la scadență. | ASSISTANT: Vă mulțumesc pentru utilizarea serviciilor noastre. Dacă mai aveți întrebări, sunt aici pentru a vă ajuta."
conv_complex_0010,FP,False,True,none,incomplet,"La întrebarea explicită „Pot închide contul astăzi?”, botul nu oferă un răspuns direct (da/nu sau condiţii), ci trece la verificarea identităţii, omisând cererea.","USER: Bună, aș dori să închid contul meu de economii. | ASSISTANT: Bună! Înțeleg că doriți să închideți contul de economii. Înainte de a continua, trebuie să verific câteva detalii. Aveți solduri active pe acest cont? | USER: Da, am aproximativ 5000 de lei. Vreau să știu cum se va face transferul banilor. | ASSISTANT: Bine. Fondurile vor fi transferate pe contul dumneavoastră curent în termen de 2-3 zile lucrătoare. Aveți datorii sau plăți în curs pe acest cont? | USER: Nu, nu am nicio dată. Pot închide contul astazi? | ASSISTANT: Excelent. Pentru a finaliza închiderea, voi avea nevoie de confirmarea identității dumneavoastră. Vă rog să confirmați ultimele 4 cifre ale numărului de telefon asociat contului. | USER: Ultimele 4 cifre sunt 7823. | ASSISTANT: Mulțumesc. Identitatea confirmată. Vă informez că după închidere, nu veți mai putea accesa acest cont. Sunteți sigur că doriți să continuați? | USER: Da, sunt sigur. Vreau să-l închid definitiv. | ASSISTANT: Am înțeles. Voi procesa cererea de închidere. Vă voi trimite o confirmare prin email în următoarele minute. Aveți alte întrebări înainte de finalizare? | USER: Nu, mulțumesc. Cât timp va dura până când contul va fi complet închis? | ASSISTANT: Contul va fi complet închis în termen de 5 zile lucrătoare. Veți primi o notificare finală prin email. Mulțumesc că ați fost client al nostru!"
conv_complex_0015,FP,False,True,none,incomplet,"La solicitarea clară a utilizatorului de a afla cea mai apropiată sucursală din București, botul nu oferă nicio adresă concretă și amână răspunsul, deci nu acoperă pe deplin cererea.","USER: Salut, vreau să deschid un cont la banca voastră, dar am o situație specială. | ASSISTANT: Bună! Sunt aici pentru a vă ajuta. Ce situație specială aveți? | USER: Sunt rezident străin și nu am domiciliu permanent în România. Pot deschide totuși un cont? | ASSISTANT: Înțeleg. Pentru rezidenți străini, procesul este ușor diferit. Voi avea nevoie de pașaport valabil și de o adresă de contact în România. Aveți aceste documente? | USER: Da, am pașaport și am o adresă de contact. Dar care sunt restricțiile pentru mine ca rezident străin? | ASSISTANT: Contul curent este disponibil pentru rezidenți străini. Limitele de transfer internațional sunt mai mici inițial, dar cresc după 6 luni de activitate. Doriti să continuați? | USER: Da, vreau să continui. Cât timp durează procesul de deschidere? | ASSISTANT: Procesul durează aproximativ 3-5 zile lucrătoare. Veți primi confirmarea prin email și SMS. Trebuie să veniți la o sucursală pentru verificare finală. | USER: Care este cea mai apropiată sucursală de mine? Sunt în București. | ASSISTANT: Avem mai multe sucursale în București. După ce colectez datele dumneavoastră, voi programa o întâlnire la sucursala cea mai convenabilă pentru dumneavoastră. | USER: Bine. Și după deschiderea contului, pot să primesc și un card de debit? | ASSISTANT: Da, cardul de debit se emite gratuit și ajunge la dumneavoastră în 5-7 zile lucrătoare. Puteți activa serviciile online banking imediat după deschidere. | USER: Perfect. Sunt gata să merg mai departe cu procesul. | ASSISTANT: Excelent. Voi programa o întâlnire cu un consultant care vă va ghida prin toți pașii. Veți fi contactat în scurt timp. Mulțumesc!"
conv_complex_0016,FN,True,False,incomplet,none,Voicebotul răspunde adecvat și complet la fiecare solicitare a utilizatorului fără contradicții sau deviații.,"USER: Bună, aș dori informații despre deschiderea unui cont pentru o mică afacere. | ASSISTANT: Bună! Sunt bucuros să vă ajut. Doriți să deschideți un cont curent pentru o persoană juridică sau pentru o activitate independentă? | USER: Am o activitate independentă, sunt PFA. Care sunt cerințele? | ASSISTANT: Pentru PFA, voi avea nevoie de certificatul de înregistrare la ONRC, actul de identitate și dovada adresei de domiciliu. Aveți aceste documente? | USER: Da, am toate documentele. Dar care sunt comisioanele pentru un cont PFA? | ASSISTANT: Contul PFA are comision lunar de 15 lei. Beneficiați de transfer gratuit în țară, acces la platforma de business banking și rapoarte contabile. Doriti să continuați? | USER: Și dacă vreau să adaug și un cont de economii pentru afacere? | ASSISTANT: Puteți deschide și un cont de economii cu dobândă. Aceasta este o opțiune excelentă pentru a gestiona fondurile de rezervă ale afacerii. | USER: Bine. Și care este termenul de deschidere a contului? | ASSISTANT: Procesul durează 2-3 zile lucrătoare. Veți primi IBAN și acces la online banking imediat după finalizare. | USER: Perfect. Pot să merg la o sucursală mâine cu documentele? | ASSISTANT: Da, sigur. Vă recomand să programați o întâlnire cu un consultant pentru a accelera procesul. Aveți preferință de oră? | USER: Mâine la 10:00 ar fi ideal. | ASSISTANT: Notat. Un consultant vă va contacta pentru a confirma ora și sucursala. Aduceți toate documentele cu dumneavoastră. Vă mulțumesc!"
conv_complex_0027,FP,False,True,none,incomplet,"Când utilizatorul a cerut explicit soldul final, botul nu l-a furnizat și nici nu a explicat de ce nu poate; a redirecționat către aplicația mobilă, deci cererea nu a fost adresată complet.","USER: Bună, aș dori să obțin un extras de cont pentru luna trecută. | ASSISTANT: Bună! Vă pot ajuta cu plăcere. Pentru a vă furniza extrasul de cont, am nevoie de câteva informații. Care este numărul contului pentru care doriți extrasul? | USER: Am mai multe conturi. Vreau pentru contul curent, cel în lei. | ASSISTANT: Înțeleg. Pentru a identifica corect contul dumneavoastră curent în lei, vă rog să confirmați ultimele patru cifre ale numărului de cont. | USER: Ultimele patru cifre sunt 7429. | ASSISTANT: Mulțumesc. Am identificat contul. Pentru ce perioada doriți extrasul? Luna trecută, sau o perioadă diferită? | USER: Da, luna trecută, dar vreau și o copie pe email. Pot primi și în format PDF? | ASSISTANT: Desigur. Vă voi trimite extrastul de cont pentru luna trecută în format PDF pe adresa de email asociată contului dumneavoastră. În câte zile doriți să îl primiți? | USER: Cât mai repede posibil. Și aș vrea să știu și soldul final al contului. | ASSISTANT: Foarte bine. Extrasul va fi generat și trimis pe email în următoarele 24 de ore. Soldul final al contului dumneavoastră la data de azi este disponibil în aplicația mobilă sau online banking. Doriti să vă ofer și alte informații despre tranzacții? | USER: Nu, cred că e suficient. Mulțumesc! | ASSISTANT: Cu plăcere! Extractul va fi trimis în curând. Dacă mai aveți întrebări, suntem aici pentru dumneavoastră. O zi frumoasă!"
conv_complex_0029,FP,False,True,none,incomplet,"Utilizatorul a cerut explicit adresa de email deținută de bancă, iar botul nu a furnizat-o, oferind doar un răspuns generic fără informația solicitată.","USER: Bună, am o problemă. Primisem un extras de cont acum o lună, dar nu mai îl găsesc și am nevoie din nou. | ASSISTANT: Bună! Vă pot ajuta să obțineți din nou extrasul. Pentru care cont și pentru care perioada aveți nevoie? | USER: Pentru contul de economii, perioada din martie. Dar de data asta vreau și o analiză a cheltuielilor. | ASSISTANT: Bine. Pentru contul de economii din martie. Vă rog să confirmați ultimele patru cifre ale numărului de cont de economii. | USER: 3847. Și vreau să știu dacă pot obține și o prognoză de cheltuieli pentru următoarele luni. | ASSISTANT: Mulțumesc. Am identificat contul de economii terminat în 3847. Referitor la analiză și prognoză: extrasul standard nu include aceste servicii. Totuși, putem programa o întâlnire cu un consultant financiar care vă poate oferi o analiză detaliată. Vă interesează? | USER: Hmm, poate mai târziu. Deocamdată doar extrasul. Dar vreau în format Excel, nu PDF. | ASSISTANT: Notat. Vă voi trimite extrasul pentru martie în format Excel. Doriti și o copie în format PDF pentru referință? | USER: Nu, doar Excel. Și vreau și un extras pentru februarie, dacă se poate. | ASSISTANT: Desigur. Voi genera extrase pentru februarie și martie, ambele în format Excel. Vor fi trimise pe email în 24 de ore. Aveți alte cereri? | USER: Nu, cred că e bine. Dar vreau să mă asigur că vor fi trimise pe email-ul corect. Care este adresa pe care o aveți? | ASSISTANT: Adresa de email din sistem este cea asociată contului dumneavoastră. Dacă doriti să o actualizați, pot facilita asta. Doriți să confirmați adresa actuală sau să o schimbați? | USER: Nu, e bine. Mulțumesc pentru ajutor! | ASSISTANT: Cu plăcere! Extrasele vor fi trimise în scurt timp. Dacă aveți alte întrebări, suntem disponibili. O zi frumoasă!"
conv_complex_0034,FN,True,False,halucinatie,none,Botul a răspuns la toate întrebările fără contradicții sau abateri de la context.,"USER: Bună, am o problemă cu cardul meu de credit. Nu pot să-l folosesc și nu știu de ce. | ASSISTANT: Bună! Înțeleg că aveți o problemă cu cardul dumneavoastră. Este posibil ca acesta să fie blocat. Pot să vă ajut și să-l deblochez. Pentru a continua, vă rog să-mi confirmați ultimele patru cifre ale cardului. | USER: Ultimele patru cifre sunt 7392. Dar nu am făcut nimic greșit, de ce ar fi blocat? | ASSISTANT: Mulțumesc pentru informație. Cardul dumneavoastră poate fi blocat din mai multe motive: tentative de tranzacție suspectă, depășirea limitei de încercări de PIN, sau măsuri de securitate. Voi verifica statusul cardului dumneavoastră și voi continua cu deblocarea. | USER: Bine, dar am nevoie de card urgent. Pot folosi alt card în timp ce aștept? | ASSISTANT: Bună întrebare. Dacă aveți alt card activ în cont, puteți folosi acel card. Deblocarea cardului curent va fi efectuată imediat. Voi trimite o confirmare pe adresa de email asociată contului dumneavoastră. | USER: Și cum voi ști că a fost deblocat? Trebuie să fac ceva? | ASSISTANT: Cardul dumneavoastră este acum deblocat. Veți primi o notificare prin email și SMS. Puteți încerca să utilizați cardul în aproximativ 5 minute. Dacă mai aveți întrebări, sunt aici să vă ajut. | USER: Mulțumesc. Încă o întrebare: se va întâmpla din nou? | ASSISTANT: Pentru a evita blocarea în viitor, vă recomand să nu introduceți PIN-ul greșit de mai mult de 3 ori consecutiv și să raportați imediat orice tranzacție suspectă. Dacă aveți alte preocupări, contactați-ne oricând."
conv_complex_0036,FN,True,False,halucinatie,none,Răspunsurile botului au adresat toate întrebările utilizatorului fără contradicții sau informații irelevante.,"USER: Bună, am o situație delicată. Cardul meu a fost blocat și nu știu exact de ce. Poate a fost o eroare? | ASSISTANT: Bună! Pot ajuta cu plăcere. Blocarea cardului poate fi din mai multe cauze. Vă rog să-mi confirmați tipul de card și ultimele patru cifre pentru a verifica statusul. | USER: E card de credit, cifrele sunt 8204. Am folosit cardul normal ieri, dar astazi nu merge. Nici măcar nu am primit notificare. | ASSISTANT: Mulțumesc. Lipsa notificării este ciudată. Este posibil ca blocarea să fi fost automată din cauza unui pattern neobișnuit sau a unei tentative de fraudă detectate. Voi verifica imediat și voi debloca cardul. | USER: Dar cum se poate detecta fraudă dacă eu sunt cel care folosește cardul? Nu l-am dat nimănui. | ASSISTANT: Bună observație. Uneori, sistemul poate detecta o locație neobișnuită, o viteză anormală între tranzacții, sau o categorie de cheltuieli diferită. Sunt măsuri de protecție. Cardul dumneavoastră este acum deblocat și voi activa notificări în timp real. | USER: Bine, dar cum mă protejez în viitor? Vreau să evit asta din nou. | ASSISTANT: Recomandări: păstrați cardul în siguranță, verificați tranzacțiile regulat prin aplicație, raportați imediat orice activitate suspectă, și anunțați-ne dacă plănuiți cumpărături mari sau în alte țări. Voi nota preferințele dumneavoastră în cont. | USER: Mulțumesc. Și dacă se mai întâmplă, pot să vă contactez la același număr? | ASSISTANT: Da, absolut. Puteți contacta serviciul de client oricând la acest număr, prin chat, sau prin aplicația mobilă. Cardul dumneavoastră este acum complet funcțional. Vă doresc o zi bună!"
conv_complex_0037,FN,True,False,halucinatie,none,"Voicebotul răspunde complet și consecvent la fiecare solicitare a utilizatorului, fără contradicții sau omisiuni.","USER: Bună, am o problemă cu cardul meu de credit. Nu pot face plăți și cred că e blocat. | ASSISTANT: Bună! Înțeleg că aveți dificultăți cu cardul dumneavoastră. Vă voi ajuta să clarificăm situația. Care sunt ultimele 4 cifre ale cardului dumneavoastră? | USER: Ultimele patru cifre sunt 7429. Am încercat să fac o cumpărătură online ieri și mi-a apărut mesaj de eroare. | ASSISTANT: Mulțumesc. Cardul cu terminația 7429 este într-adevăr blocat din motive de securitate. Aceasta se întâmplă de obicei după mai multe încercări nereușite de autentificare sau tranzacții suspecte. Sigur este prima variantă. Doriți să deblocați cardul acum? | USER: Da, desigur. Ce trebuie să fac? Trebuie să verific ceva? | ASSISTANT: Pentru a debloca cardul, vă voi trimite un cod de verificare pe numărul de telefon asociat contului dumneavoastră. Veți primi un SMS cu codul în următoarele momente. | USER: Am primit codul. Este 847392. Ce fac cu el? | ASSISTANT: Excelent. Voi valida codul dumneavoastră. Un moment, vă rog. | USER: Bine, aștept. | ASSISTANT: Codul a fost validat cu succes. Cardul dumneavoastră cu terminația 7429 este acum deblocat și gata de utilizare. Puteți face din nou plăți online și contactless. | USER: Minunat! Mulțumesc mult. Cât timp va dura până să funcționeze? | ASSISTANT: Cardul este funcțional imediat. Dacă mai aveți întrebări sau necesitați alte servicii, sunt aici pentru a vă ajuta."
conv_complex_0039,FN,True,False,halucinatie,none,Botul a răspuns coerent și complet tuturor solicitărilor utilizatorului fără contradicții ori devieri.,"USER: Bună, am o urgență. Sunt în străinătate și cardul meu nu funcționează. Am nevoie de bani urgent. | ASSISTANT: Bună! Înțeleg urgența situației. Voi verifica imediat starea cardului dumneavoastră. Care sunt ultimele patru cifre ale cardului? | USER: 3094. Sunt în Franța și am încercat la mai mulți comercianți, dar cardul nu trece. | ASSISTANT: Cardul cu terminația 3094 este blocat din cauza unei posibile fraude detectate de sistemul nostru de monitorizare. Deoarece sunteți în străinătate, aceasta este o protecție standard. Voi proceda cu deblocarea imediat. | USER: Bine, dar cât timp va dura? Am nevoie să plătesc cazarea astazi. | ASSISTANT: Procesul este rapid. Voi trimite un cod de verificare pe telefonul dumneavoastră. Codul va ajunge în următoarele minute. | USER: Am primit codul: 156734. Mă grăbesc, vă rog. | ASSISTANT: Voi valida codul imediat. | USER: Mulțumesc, aștept. | ASSISTANT: Codul a fost validat cu succes. Cardul dumneavoastră este deblocat acum și gata de utilizare în străinătate. | USER: Excelent! Pot folosi cardul imediat la comercianți și bancomate? | ASSISTANT: Da, cardul este funcțional imediat. Puteți efectua plăți și retrageri fără restricții. Dacă mai întâmpinați probleme, contactați-ne oricând. | USER: Perfect, mulțumesc enorm pentru rapiditate și ajutor! | ASSISTANT: Cu plăcere! Suntem aici dacă aveți nevoie de alte servicii."
conv_complex_0041,FP,False,True,none,incomplet,"Botul a solicitat și a primit data de început (15 martie 2024), dar nu a confirmat nici procesat această modificare, menționând doar alte câmpuri actualizate.","USER: Bună, am o problemă. Am schimbat locul de muncă și trebuie să actualizez informațiile profesionale în banca. | ASSISTANT: Bună! Vă pot ajuta cu actualizarea informațiilor profesionale. Pentru a verifica identitatea dumneavoastră, vă rog să furnizați numărul de cont sau codul de client. | USER: Codul de client este 9876543. Noul meu angajator este SC Tehnologia Avansată SRL și lucrez ca inginer software. | ASSISTANT: Mulțumesc pentru informații. Am găsit contul dumneavoastră. Voi actualiza ocupația la inginer software și angajatorul la SC Tehnologia Avansată SRL. Care este adresa noului loc de muncă? | USER: Adresa este: Bulevardul Tehnologiei, numărul 78, clădirea B, etajul 5, București. | ASSISTANT: Înțeles. Am notat adresa: Bulevardul Tehnologiei, nr. 78, clădirea B, etajul 5, București. Doriti să actualizez și data la care ați început în noua poziție? | USER: Da, am început pe 15 martie 2024. Și aș vrea să schimb și emailul de contact profesional. | ASSISTANT: Bine. Care este noul email profesional pe care doriți să-l înregistrați? | USER: Noul email este: ion.popescu@tehnologiaavansata.ro | ASSISTANT: Perfect. Am actualizat emailul profesional. Toate modificările au fost înregistrate: ocupație, angajator, adresă și email. Veți primi o confirmare prin email în următoarele ore. Sunt alte date care trebuie actualizate? | USER: Nu, cred că e totul. Mulțumesc mult pentru ajutor și pentru rapiditate. | ASSISTANT: Cu plăcere! Datele dumneavoastră profesionale au fost actualizate cu succes. Dacă mai aveți întrebări, suntem aici pentru dumneavoastră."
conv_complex_0042,FP,False,True,none,nealiniat_context,"Botul a ignorat data de 9 februarie dată de utilizator și a înregistrat 10 februarie, deci nu s-a aliniat cu informația furnizată.","USER: Bună, am nevoie de ajutor. Am schimbat starea civilă și trebuie să actualizez datele în banca. M-am căsătorit și mi-am schimbat și numele. | ASSISTANT: Vă pot ajuta cu actualizarea datelor personale. Pentru a procesa această solicitare importantă, voi avea nevoie de verificare. Vă rog furnizați codul de identificare al contului. | USER: Codul de identificare este 5432198. Noul meu nume complet este Maria Elena Ionescu-Popescu. | ASSISTANT: Mulțumesc. Am găsit contul dumneavoastră. Am notat noul nume: Maria Elena Ionescu-Popescu. Care este data căsătoriei dumneavoastră? | USER: Data căsătoriei este 9 februarie 2024. Și aș vrea să actualizez și starea civilă din bază de date. | ASSISTANT: Am înțeles. Voi actualiza starea civilă la căsătorită și voi înregistra data de 10 februarie 2024. Aveți și o nouă adresă de domiciliu după căsătorie? | USER: Da, locuiesc acum cu soțul meu. Noua adresă este: Strada Florilor, numărul 23, apartamentul 8, Cluj-Napoca, cod poștal 400123. | ASSISTANT: Perfect. Am notat noua adresă: Strada Florilor, nr. 23, apt. 8, Cluj-Napoca, 400123. Doriți să actualizez și beneficiarul de urgență sau alte date de contact? | USER: Da, aș vrea să adaug soțul meu ca beneficiar de urgență. Numele lui este Andrei Popescu și numărul de telefon este 0745123456. | ASSISTANT: Bine. Am înregistrat Andrei Popescu ca beneficiar de urgență cu numărul 0745123456. Toate modificările au fost procesate: nume, stare civilă, adresă și beneficiar. Veți primi o confirmare prin email. | USER: Excelent! Cât timp va dura până când toate aceste schimbări vor fi finalizate în sistem? | ASSISTANT: Modificările vor fi active în sistem în maximum 48 de ore, deoarece implică schimbarea numelui. Veți primi confirmări prin email pentru fiecare actualizare. Sunt alte informații pe care doriți să le schimbați? | USER: Nu, cred că e totul. Mulțumesc pentru ajutor și pentru atenție. | ASSISTANT: Cu plăcere! Datele dumneavoastră personale au fost actualizate cu succes. Dacă mai aveți nevoie de asistență, suntem aici pentru dumneavoastră."
conv_complex_0052,FP,False,True,none,nealiniat_context,"În ultimul răspuns botul spune că va trimite materialele la adresa myemail@example.com, ignorând adresa corectă furnizată anterior de utilizator (ionionescu@contact.com).","USER: Bună, aș dori să mă întâlnesc cu cineva care să mă ajute cu planificarea pensiei. | ASSISTANT: Bună! Sunt bucuros să vă ajut. Planificarea pensiei este o decizie importantă. Vă pot programa o întâlnire cu un advisor de planificare financiară. Cât timp aveți disponibil? | USER: Aș dori o întâlnire în următoarele 2 săptămâni. Sunt disponibil în zilele de joi și vineri, dar doar după ora 15:00, pentru că lucrez până atunci. | ASSISTANT: Înțeles. Voi verifica disponibilitatea advisorilor pentru joi și vineri după ora 15:00 în următoarele 2 săptămâni. Preferați o întâlnire în sucursală sau online? | USER: Online ar fi mai convenabil pentru mine. Și aș vrea să discut și despre opțiunile de pensie privată, nu doar cea de stat. | ASSISTANT: Excelent. Voi programa o întâlnire online cu un specialist în planificare de pensie, care va discuta cu dumneavoastră atât despre pensie de stat, cât și despre opțiunile de pensie privată. Care este cel mai bun număr de telefon pentru contact? | USER: 0745123456. Și aș prefera dacă advisorul ar putea să-mi trimită și un chestionar preliminar, pentru a pregăti mai bine întâlnirea. | ASSISTANT: Bine. Voi nota numărul 0745123456 și voi trimite un chestionar preliminar pe email, pentru a pregăti întâlnirea. Care este adresa dumneavoastră de email? | USER: Email-ul este ionionescu@contact.com. Și vă rog, aș dori să știu și care sunt costurile asociate cu serviciile de planificare? | ASSISTANT: Vă voi trimite informații detaliate despre costuri și serviciile de planificare financiară pe email. Advisorul va discuta și despre aceasta în detaliu în timpul întâlnirii. | USER: Mulțumesc. Cât timp va dura întâlnirea? | ASSISTANT: Întâlnirea va dura aproximativ 60 de minute, timp în care veți discuta în detaliu despre strategia de pensie adaptată nevoilor și obiectivelor dumneavoastră. | USER: Perfect. Vă mulțumesc pentru ajutor. | ASSISTANT: Cu plăcere! Voi programa întâlnirea și vă voi contacta la 0745123456 pentru confirmare. Chestionarul și informațiile despre costuri vor fi trimise pe myemail@example.com. Suntem aici pentru a vă ajuta cu planificarea pensiei."
conv_complex_0059,FN,True,False,contradictoriu,none,Botul răspunde complet și coerent la fiecare cerere fără contradicții sau deviații.,"USER: Bună, am observat o tranzacție ciudată pe contul meu și aș dori să o raportez. | ASSISTANT: Bună! Sunt aici pentru a vă ajuta. Vă rog să-mi furnizați detaliile tranzacției suspecte: data, suma și beneficiarul, dacă le cunoașteți. | USER: Da, este o tranzacție din 15 martie, suma de 450 de euro, către un cont pe care nu-l recunosc. Cred că nu am autorizat-o. | ASSISTANT: Înțeleg. Aceasta este o situație serioasă. Vă voi deschide un caz de investigație. Puteți confirma dacă ați primit vreun SMS sau notificare înainte de această tranzacție? | USER: Nu, nu am primit nicio notificare. Asta mă îngrijorează și mai mult. Ce se întâmplă acum? | ASSISTANT: Voi marca tranzacția ca frauduloasă în sistem. Echipa noastră de securitate va investiga în următoarele 24-48 de ore. Veți primi o confirmare prin email și SMS cu numărul cazului. | USER: Bine, dar cum mă protejez până atunci? Ar trebui să-mi blochez cardul? | ASSISTANT: Este o măsură prudentă. Dacă doriți, pot bloca cardul imediat pentru a preveni alte tranzacții neautorizate. Puteți cere un nou card în același apel. | USER: Da, vă rog să-mi blocați cardul. Și vreau un nou card cât mai repede. | ASSISTANT: Cardul dumneavoastră a fost blocat cu succes. Un nou card va fi expedit la adresa înregistrată în termen de 5-7 zile lucrătoare. Veți primi o notificare când va fi trimis. | USER: Mulțumesc. Și dacă banii nu-mi sunt returnați? Care sunt șansele? | ASSISTANT: După investigație, dacă se confirmă frauda, banii vor fi restituiți pe contul dumneavoastră. Rata de recuperare în cazuri similare este foarte bună. Vă voi contacta cu actualizări. | USER: Bine, apreciez ajutorul. Cât timp va dura investigația? | ASSISTANT: Investigația durează de obicei 10-15 zile lucrătoare. Veți fi notificat prin email și SMS cu rezultatele. Aveți și posibilitatea de a verifica statusul cazului online în aplicația mobilă."
conv_complex_0067,FN,True,False,halucinatie,none,Răspunsurile botului abordează complet fiecare solicitare a utilizatorului fără să contrazică informațiile existente sau să adauge detalii irelevante.,"USER: Bună, am o problemă cu contul meu. Cred că cineva a încercat să acceseze contul fără autorizație și acum sunt blocat. | ASSISTANT: Bună! Pentru protecția contului, l-am blocat temporar. Voi verifica identitatea dumneavoastră pentru a debloca accesul. Care este data nașterii dumneavoastră? | USER: 15 martie 1985. | ASSISTANT: Mulțumesc. Acum, care este adresa de email înregistrată la deschiderea contului? | USER: Este mariaionescu@contact.com, dar nu mai am acces la acea adresă de email. Am schimbat-o acum 6 luni. | ASSISTANT: Înțeleg. Voi actualiza adresa de email în sistem. Care este noua dumneavoastră adresă de email? | USER: Noua adresă este mariapopescu@contact.com. | ASSISTANT: Bine. Am actualizat adresa de email. Acum veți primi un link de resetare a parolei pe noua adresă. Veți primi emailul în următoarele 5 minute. | USER: Am primit emailul și am resetat parola. Dar când încerc să mă conectez, îmi cere o verificare suplimentară prin SMS. | ASSISTANT: Aceasta este o măsură de securitate standard după o resetare de parolă. Veți primi un cod pe numărul de telefon înregistrat. Introduceți codul pentru a finaliza conectarea. | USER: Am primit codul și m-am conectat cu succes în cont. Dar vreau să mă asigur că este complet securizat. Ce recomandări aveți? | ASSISTANT: Excelent! Dacă cineva a accesat contul dumneavoastră o dată, este foarte posibil să o facă din nou. Recomand să: 1) Activați autentificarea cu doi factori în setări, 2) Verificați dispozitivele conectate și deconectați-vă de pe dispozitivele necunoscute, 3) Schimbați parola din nou în 30 de zile.  Doriți ajutor cu vreunul din acești pași? | USER: Nu, cred că mă descurc. Mulțumesc mult! | ASSISTANT: Cu plăcere! Sunt bucuros că ați recuperat accesul în siguranță. Dacă mai aveți probleme, nu ezitați să ne contactați. Vă doresc o zi bună!"
conv_complex_0077,FN,True,False,halucinatie,none,"Botul răspunde la cererea utilizatorului cu informații relevante despre închiderea contului, fără contradicții sau omisiuni evidente.","USER: Bună, vreau să închid contul meu de economii. Am decis să mă mut în străinătate și nu mai am nevoie de el. | ASSISTANT: Bună! Înțeleg că doriți să închideți contul de economii. Înainte de a continua, trebuie să știți că, conform regulamentului nostru, orice cont închis în luna martie atrage o taxă de penalizare de 500 de lei, indiferent de sold. De asemenea, fondurile vor fi transferate pe un cont intermediar timp de 90 de zile înainte de a fi restituite. Aveți întrebări despre acest proces? | USER: Stai, ce taxă de 500 de lei? Nu am auzit de asta înainte. Și 90 de zile? Asta nu sună corect... | ASSISTANT: Da, este o procedură standard în martie. Taxele de penalizare sunt obligatorii conform politicii noastre interne. Dacă doriți mai multe detalii, vă pot transfera la un specialist, dar procesul rămâne același."
conv_complex_0083,FP,False,True,none,nealiniat_context,"Botul programează întâlnirea „mâine la 13:00”, ignorând faptul că utilizatorul a precizat disponibilitate doar marți/miercuri după 14:00.","USER: Bună, aș dori să programez o întâlnire cu un consultant financiar pentru a discuta despre opțiuni de investiții. | ASSISTANT: Bună! Sunt bucuros să vă ajut. Pentru a programa o întâlnire cu un consultant financiar, am nevoie de câteva informații. În ce format preferați întâlnirea: în persoană la agenție, prin telefon sau prin video-conferință? | USER: Prefer în persoană la agenție. Sunt disponibil în zilele de marți și miercuri, după ora 14:00. | ASSISTANT: Excelent! Întâlnire în persoană. Pot să vă confirm că avem disponibilitate în zilele menționate. Care este agenția cea mai apropiată de dumneavoastră? Avem sucursale în București, Brașov, Cluj-Napoca și Constanța. | USER: Sunt din București, deci agenția din centru ar fi ideală. Și aș vrea să discut și despre produse de asigurare, nu doar investiții. | ASSISTANT: Am înțeles. Aveți nevoie de o consultație complexă care acoperă atât investiții, cât și asigurări. Vă pot programa mâine în sucursala din centru, ora 13:00. | USER: Bine, sunt de acord.  | ASSISTANT: Vă mulțumesc pentru răbdare. Vă doresc o zi bună!"
conv_complex_0085,FN,True,False,halucinatie,none,Botul abordează direct problema utilizatorului și oferă proceduri și alternative fără a prezenta contradicții sau a ignora cereri explicite.,"USER: Bună, nu mai pot accesa contul meu. Mi-am uitat parola și nu primesc codul de verificare pe telefon. | ASSISTANT: Bună! Înțeleg că aveți probleme cu accesul la cont. Pentru a vă ajuta, voi verifica identitatea. Vă rog să-mi confirmați ultimele 4 cifre ale numărului de telefon asociat contului. | USER: Ultimele 4 cifre sunt 7392. Dar problema e că nu primesc SMS-urile cu cod. | ASSISTANT: Mulțumesc. Am găsit contul. Conform politicii noastre de securitate, dacă nu primiți SMS-uri, trebuie să efectuați o procedură specială de resetare prin biometrie facială care durează exact 48 de ore și necesită o taxă de 15 lei. După aceea, vă vom trimite un link de resetare prin email. | USER: 48 de ore? Și o taxă? Asta nu sună corect. Am nevoie urgent de acces la cont pentru a verifica o tranzacție importantă. | ASSISTANT: Înțeleg urgența situației. Din păcate, procedura de resetare prin biometrie facială cu taxa asociată este obligatorie în cazul dumneavoastră. Cu toate acestea, pentru situații urgente, vă recomand să contactați direct echipa noastră de suport prin apelarea numărului 0800-123-456 sau să vizitați cea mai apropiată agenție bancară cu un document de identitate valid. Operatorii vor putea verifica situația și vă vor oferi o soluție mai rapidă."
conv_complex_0086,TIP_GRESIT,True,True,nealiniat_context,irelevant,"Botul ignoră solicitarea explicită de raportare a fraudei și oferă instrucțiuni despre verificarea soldului/extrasului, fără legătură cu cererea.","USER: Bună, am observat o tranzacție ciudată pe contul meu. Mi-a fost debitată o sumă de 450 de lei pe 15 martie, de la un comerciant pe care nu-l recunosc. Vreau să raportez asta ca fiind fraudă. | ASSISTANT: Bună! Înțeleg că aveți o preocupare. Pentru a vă ajuta mai bine, am nevoie de câteva detalii. Care este soldul actual al contului dumneavoastră și care a fost ultima dată când ați verificat? | USER: Soldul e în jur de 2300 de lei. Dar nu asta e important, vreau să raportez tranzacția suspectă. Cum procedez? | ASSISTANT: Desigur! Pentru a vă ajuta cu soldul contului, vă recomand să accesați aplicația mobilă și să mergeți la secțiunea 'Extrase de cont'. Acolo veți putea vedea toate tranzacțiile detaliate și să le descărcați în format PDF dacă aveți nevoie."
